"","Depth","2018_08","2019_05","2021_08","2019_10","2020_02","2021_02"
"1",0.162400000000002,0.517503764981713,0.911685250047026,1.03179015955338,NA,1.34346569310692,1.94273769756735
"2",0.288900000000002,0.679645732477207,0.804797504273006,0.879251444002607,1.1828756113901,0.998770280460401,1.44619760408185
"3",0.415400000000002,0.888804530319786,0.764665545525077,0.769886747205656,0.790061223999646,0.703722664570522,1.0152651767268
"4",0.541900000000002,1.14170783153971,0.680632312205386,0.632125358935423,0.698528671558667,0.6458056213174,0.897691739200227
"5",0.668400000000002,1.64296994122579,0.614086270525644,0.567157906237587,0.616580125286557,0.59951232835916,0.796474412906933
"6",0.794900000000002,2.26833687962145,0.652877405512979,0.564793041848616,0.603703822589132,0.612629314685888,0.778854988472624
"7",0.921400000000002,2.31403206943722,0.713326928641316,0.572660332096174,0.593729236878781,0.629558860893166,0.767388791729522
"8",1.0478,2.19316663487355,0.720745812777322,0.570286757916175,0.60887932063276,0.66737868672236,0.789668833138516
"9",1.1743,2.22144059206542,0.733733116355858,0.572216198383855,0.625359965802232,0.704599434935661,0.812948556527544
"10",1.3008,2.26919192575333,0.764037331501414,0.582450816486062,0.642313338511435,0.738077297278619,0.842072048929145
"11",1.4273,2.39134522320839,0.78707103491652,0.600157221401183,0.659296927615105,0.76915517818738,0.868752212205441
"12",1.5538,2.49855933242821,0.80374327841119,0.614982826806206,0.669959257094001,0.784774355152338,0.879694461409911
"13",1.6803,2.59492063207043,0.810207515152952,0.620812337813081,0.680148969030858,0.798639376080319,0.888429460383119
"14",1.8068,2.42196769227847,0.81102792634457,0.622814488402057,0.682636880342865,0.800214202496058,0.881699737799328
"15",1.9333,2.30305147924311,0.805139896902794,0.629988724308924,0.68446369288879,0.799476358390677,0.873356459114161
"16",2.0598,2.18463176391447,0.803028890933815,0.635092872380376,0.677716093321893,0.781013320359732,0.85264626756982
"17",2.1863,2.00685811453471,0.805718049169883,0.630273649251373,0.670135593358955,0.761489150406633,0.830869939846768
"18",2.3128,1.69831847180047,0.767498654943232,0.614739654127519,0.655593023881201,0.733008710274753,0.800095104525785
"19",2.4392,1.44055867750324,0.714716023873283,0.600760534181709,0.640305934579494,0.704190509124086,0.768013253838567
"20",2.5657,1.33818843836904,0.705190660233172,0.592087471610565,0.619888010642016,0.671943555530246,0.723319829479504
"21",2.6922,1.41081090093603,0.710700198705909,0.576766814410904,0.598848395713867,0.641142074491905,0.679998081148996
"22",2.8187,1.45341649160586,0.670915863087548,0.535635531064607,0.57406612225558,0.625670559271516,0.651223649231414
"23",2.9452,1.31960413954949,0.590268969006575,0.480738661031406,0.548784156932606,0.609880605924591,0.623874954342415
"24",3.0717,1.12459865791966,0.531120290945206,0.4591943382437,0.527778164841183,0.590256263590092,0.613693897075945
"25",3.1982,1.10055011295782,0.550284982617176,0.53654445446901,0.507395752179361,0.566852634146767,0.599767023409745
"26",3.3247,1.28524678739474,0.64956545477242,0.659211213898248,0.474567186135737,0.490983607192617,0.533839404429574
"27",3.4512,1.33256627710136,0.566492472592994,0.543351465980376,0.439766839382359,0.41720110697754,0.46889353283385
"28",3.5777,1.06352845938231,0.363319188385238,0.376769842397835,0.399675178846783,0.377489015981297,0.419978385652641
"29",3.7041,0.962423839879153,0.285929391738767,0.312521134386457,0.358709545377923,0.340706878266674,0.373864094598047
"30",3.8306,1.12267186831324,0.301849186115727,0.305047645938549,0.350852767674973,0.362106100774659,0.383185078299976
"31",3.9571,1.59109344748158,0.366122098723548,0.327337614800223,0.349145915489024,0.386034274873584,0.394803948483695
"32",4.0836,2.27650824329237,0.478331586904482,0.372121260293517,0.402056177339467,0.474081909101116,0.464683815507796
"33",4.2101,2.90194006893601,0.72174784637641,0.45166263930054,0.465838092220851,0.561892748333464,0.53449814106944
"34",4.3366,3.1471339968728,1.0606929171692,0.592207944530548,0.579029615274719,0.641619669535804,0.602074953926645
"35",4.4631,3.26354169045227,1.23320969554329,0.708262474447363,0.70273785262801,0.720016555072066,0.668622050696931
"36",4.5896,3.10927712209336,1.13644812402891,0.628168110974346,0.768066618250911,0.729639513041535,0.681924244806079
"37",4.7161,2.83637809155539,0.901200354756085,0.526224145247437,0.820145338883597,0.739828546162777,0.695872448441949
"38",4.8426,2.57266010347167,0.85963913063808,0.541782217741779,0.844363086777755,0.80912525971501,0.777274813493084
"39",4.9691,2.62874677552133,1.06758110029159,0.713889963453945,0.86185482947694,0.878421973267243,0.858677178544219
"40",5.0955,2.9961819501807,1.31267522074427,0.997962280358172,0.933198123779562,1.00335383280535,1.02328469748741
"41",5.222,3.36894026431011,1.37346677713425,1.14490035011593,1.01842317117164,1.12838453083993,1.18802244389811
"42",5.3485,3.56715489662048,1.40227436222729,1.18042474058651,1.10980457607154,1.21326321632625,1.31609308816395
"43",5.475,3.70956689643561,1.44952755994399,1.20826044724518,1.20286442451733,1.29772498794425,1.44378300373341
"44",5.60150000000001,3.79513448598807,1.49763140520355,1.23564556494687,1.26406380372584,1.35313785529494,1.51129166923495
"45",5.72800000000001,4.26122997719557,1.53027578607631,1.26571705380693,1.31608139801157,1.40796505925315,1.57758700308189
"46",5.85450000000001,4.61917526409508,1.59020998991404,1.31298706192047,1.37425297345589,1.48409125967068,1.65932504553188
"47",5.98100000000001,4.86758809364054,1.74431883946892,1.36405619805256,1.43429612048968,1.56085920509554,1.74152838131926
"48",6.10750000000001,6.12067654201227,1.91627143858812,1.45730772228185,1.50717005876876,1.63025289047523,1.80969153241583
"49",6.23400000000001,9.86624754470139,2.01978137059975,1.56616062128344,1.58415574330286,1.69934942228402,1.87728891949115
"50",6.3604,11.62763996613,2.12756798304948,1.54926454062475,1.64874769528072,1.74763446149914,1.91202704139858
"51",6.4869,14.1569136956132,2.17125313057156,1.48998879476283,1.70922429410147,1.79490435856214,1.94512785902228
"52",6.6134,16.9480833151366,2.19010623839362,1.4858638270257,1.75495079174149,1.85950487466554,2.02881055241778
"53",6.7399,25.3169810872646,2.22413529549841,1.55994134562803,1.79542859314143,1.9251821882576,2.11563603238516
"54",6.8664,21.4388856762016,2.26353255347501,1.66764509225297,1.87698487575983,2.15464613881511,2.37490373883707
"55",6.9929,25.0036517199823,2.35312022339349,1.80155762488862,1.97388426102661,2.39605720623354,2.64674992830651
"56",7.1194,-81.7903197391698,2.71440615536388,2.05417617966608,2.23108492719794,3.39631619077918,3.53050905809547
"57",7.2459,-9.8176452885671,3.62454252323246,2.63347637681639,2.55106585299745,4.46030019321553,4.46565419315548
"58",7.3724,-5.29659294599654,6.83510565887132,3.76238773933285,3.3440468568929,11.7255494610192,8.92383916561518
"59",7.4989,-3.5433127430621,32.5054089593015,5.42819396034928,4.33107917487898,19.5813954207632,13.7175517416371
"60",7.6253,-2.81417319266284,-116.655580616596,9.64341412298088,7.06332506849562,-7.00569750745916,-24.5861252254705
"61",7.7518,-2.65204957586275,-59.9702160841414,15.247732943739,10.5488666687109,-37.2956149866973,-67.5274424738642
"62",7.8783,-2.7588766309833,-23.491852370239,16.5477059426178,17.8451493105199,-50.6732107779273,-55.4201162701523
"63",8.0048,-2.69559068082286,-17.489888747297,22.2853526138924,26.8588874905701,-62.030307960413,-36.7361822203927
"64",8.1313,-2.62488933073933,-18.5121535484577,24.1401819928647,26.4881232642009,-15.772967768394,364.263582510762
"65",8.2578,-2.47988299060662,-23.8357430029104,17.911912155235,21.6979131371343,38.0597948691107,815.532065587329
"66",8.3843,-2.44913484096835,-48.604935406334,13.3290721769451,16.4705151784659,32.2142202930998,501.198634349836
"67",8.5108,-2.51723986027494,156.258241542539,9.53067817790005,11.028132165814,17.7892102587263,76.801275105165
"68",8.6373,-2.85180906313019,31.6469679117844,6.97639776800837,8.05218184223216,12.73816998811,15.3551862578857
"69",8.7638,-3.35745722244151,18.7565428229121,5.31390061518254,6.34190092488364,9.15234802608854,10.640968743292
"70",8.8903,-3.77204358756874,12.0933763058882,4.75251020383286,5.42019621895163,7.65688343123071,9.1759246951815
"71",9.0167,-3.72835423803055,10.2629582786988,4.3585386126616,4.92092789848177,6.51586627012898,8.26114110058571
"72",9.1432,-3.55668629428824,9.29266489654046,4.25186507705736,4.73726855694062,6.78172735456887,8.72180734767085
"73",9.2697,-3.07050123588303,8.51267624709304,4.73421974931525,4.73050909485522,7.30570356155544,9.43479353706125
"74",9.3962,-2.83338215582437,11.0032824033066,4.94239772965508,4.96425151876321,9.9952709088924,11.9577509632385
"75",9.5227,-2.65440670745845,16.5319834575312,5.82521087799018,5.33826162586633,13.1109905336117,14.8368805911677
"76",9.6492,-2.68197459918812,28.962964379326,7.13588862842873,5.94488720382303,17.4593118939903,19.3729135281589
"77",9.7757,-2.73551256005842,184.152662224345,7.36742261956162,6.6927963841533,22.067128356613,24.2577682144264
"78",9.9022,-2.63633081878774,552.711418377177,8.38201152983533,7.43550253469498,24.9015136295163,26.5237657563622
"79",10.0287,-2.51183461680753,89.0807757833505,8.49169311882456,8.17491902769292,27.3376065151836,28.2015978989903
"80",10.1552,-2.55039953578186,79.3893784258397,8.37958416473384,8.5735183564455,27.6193729976124,26.9499473368536
"81",10.2816,-2.55414795745817,184.555216730385,8.07312735612279,8.74774627332574,27.3864798109112,24.9997478030054
"82",10.4081,-2.5898702442825,-165.524990536443,7.61929664310934,8.45589817357205,20.4076105216399,19.8439789679138
"83",10.5346,-2.46485344126079,-419.235120011299,8.18549966872687,7.84391655993101,11.7088320003554,13.8713105391521
"84",10.6611,-2.47989146605725,145.374348760772,7.35599736950551,6.76012390002212,7.59779921645568,9.79067929840717
"85",10.7876,-2.78931906081919,18.7843960957868,4.74623426975314,5.33941467997345,4.72582627528349,6.22105006928521
"86",10.9141,-4.28965504421282,5.2986833892461,3.10506171011104,4.21969591729019,3.57522982017989,4.65499292425039
"87",11.0406,-8.06728588286735,3.06764662743888,2.46850269999499,3.32343976689337,2.91620530876052,3.66109406745591
"88",11.1671,-10.1219962165529,3.06400634575004,2.30435807225707,2.7508902461653,2.62440517965554,3.22085462116113
"89",11.2936,-9.61914163395372,3.31332130834328,2.27122218753479,2.42814794245051,2.44330128925233,2.94751044984208
"90",11.4201,-13.9584961720017,2.93178637509705,2.12836820071227,2.21876362681154,2.31006980837105,2.78689380068281
"91",11.5466,-19.8297544970019,2.64290046440467,1.97495975521365,2.10029177169491,2.19204779093164,2.66209162470973
"92",11.673,-63.9069316215486,2.4906442764125,1.85921032119026,1.99521270140222,2.07195222475113,2.54602964669137
"93",11.7995,26.4545090378356,2.25736450071772,1.73472254362058,1.90115797393024,1.95103573933398,2.43277081626925
"94",11.926,12.1234744748401,2.05715129942821,1.6386997326439,1.82375920559078,1.8807908195737,2.3553760103758
"95",12.0525,13.442423406008,2.00106261395547,1.61449696309509,1.76082676512416,1.82842998180997,2.29063909549246
"96",12.179,14.5841999749781,2.06536996148585,1.63741299937857,1.72537786033726,1.8260395472085,2.27070870293362
"97",12.3055,13.1260849193901,2.10983559478074,1.66009174163727,1.71472613059974,1.84216468994343,2.26738051041268
"98",12.432,11.7227800780117,2.14647288553711,1.67161441975485,1.72505315774349,1.89678097681361,2.30626402664497
"99",12.5585,16.4358676826674,2.1831576112985,1.70647782748783,1.75504174570093,1.9663543054224,2.36155033639938
"100",12.685,28.204886274665,2.30440690187309,1.75080636077475,1.79882808154077,2.04388327295305,2.44320158125254
"101",12.8115,-177.100407606704,2.42796157268241,1.841678903845,1.85604623435195,2.12465113241406,2.53558649267539
"102",12.9379,-37.8552274184956,2.49669643612723,1.91166122609903,1.92657864421304,2.20942268501585,2.64617820348503
"103",13.0644,-21.3799893407337,2.60553683472319,1.96742791567278,2.01070723224865,2.29599803847521,2.76466242205881
"104",13.1909,-13.0732548390646,2.75745398419887,2.0975298357297,2.10870093771452,2.41452057725998,2.92201838786385
"105",13.3174,-11.0832437453446,2.94221069103066,2.15306222262495,2.22130253475868,2.54733527790086,3.0967643458513
"106",13.4439,-8.49990917945264,3.06245703162072,2.2432807412032,2.37036410039078,2.79013989278663,3.34864504664319
"107",13.5704,-5.6204884868739,3.04037405651554,2.44598035402409,2.55932639323582,3.08436670655952,3.63658758194806
"108",13.6969,-4.48013446198803,3.24339769261621,2.7300252565843,2.80915339763324,3.43785758212647,3.9231542125944
"109",13.8234,-3.67162030387194,3.90362199712997,2.96910182101604,3.1281728866164,3.82028326433404,4.20904907802509
"110",13.9499,-3.09924398574396,4.56208941796317,3.3125778939596,3.48958076257562,4.1805149211837,4.35747845428831
"111",14.0764,-2.72696946845319,4.69994115542323,3.70992357722975,3.9010507852221,4.52943768921733,4.43586276626214
"112",14.2029,-2.87480996937329,5.41823183240471,3.7681101327031,4.22195766690597,4.79647059742409,4.48951946235159
"113",14.3293,-3.20206955877727,6.94684199148623,3.57394876624256,4.43156753973556,5.01980424078893,4.53000197209154
"114",14.4558,-3.39971191808504,7.62315545741386,3.53909528505513,4.47851915424229,5.123448646478,4.58785663116439
"115",14.5823,-3.23361391520691,6.92165030196541,3.43027950201418,4.31717328562813,5.16045172571011,4.65535180088665
"116",14.7088,-3.61149625135651,6.88488931842629,3.18157236379911,4.09491309711783,4.95608833023679,4.57818948738368
"117",14.8353,-4.51115641285983,7.2266641483488,2.98757113953786,3.79165817754859,4.6119071516632,4.41723057935324
"118",14.9618,-6.53968314536348,6.14017353118359,2.83144079315406,3.49430928040518,4.21140471276347,4.18826372166468
"119",15.0883,-13.389981596448,4.84060762311561,2.65007095238846,3.20512426360184,3.77692392162642,3.91826798686934
"120",15.2148,-30.2305999421026,4.16314097033398,2.46801222203168,2.97908237226325,3.56642376485846,3.77711594187747
"121",15.3413,-13.153582805286,3.77716538853074,2.47715370401649,2.84380111983932,3.49659613006233,3.71688503024995
"122",15.4678,-8.33075035162629,3.6479574059525,2.62110592412981,2.77853084155577,3.53738408268408,3.78556890287665
"123",15.5942,-6.95345578061698,3.88402230927139,2.77503424738471,2.81790065571191,3.65038040903218,3.93838990173869
"124",15.7207,-6.74158734642089,4.28589180544171,2.85658685455561,2.89394763168785,3.70948701305034,4.08738999652438
"125",15.8472,-5.95693880825656,4.29413446826519,2.97947659791271,3.02718909637291,3.73177009630398,4.23370106621618
"126",15.9737,-5.466560266907,4.19921651984957,3.09048317119734,3.15046010967001,3.73209534240033,4.32005414002174
"127",16.1002,-5.5394173372977,4.16054718031972,3.02501413404479,3.25753431085762,3.71684239321617,4.36386944647558
"128",16.2267,-5.87794809802355,4.17229305766414,3.0718417140575,3.33825332069667,3.68552392032896,4.38310756499653
"129",16.3532,-6.21068134346592,4.35877519573621,3.09254816254192,3.37439280474403,3.64235491690804,4.38421663142961
"130",16.4797,-6.34557484113949,4.52214067488404,3.12512749377542,3.40713148960337,3.6085772684035,4.36960195156325
"131",16.6062,-5.84149572523291,4.40920766326915,3.17819345430269,3.43387793659211,3.58200053309603,4.34293093549802
"132",16.7327,-6.1074996167162,4.25684351952505,3.1937117221428,3.45305123198699,3.57492351441873,4.30236305717254
"133",16.8592,-6.38877504250207,4.1266030959126,3.13510855958096,3.4583177759124,3.58338533243109,4.25072111673345
"134",16.9856,-7.11430453598595,4.18319599576364,3.03511852569026,3.45590730040024,3.58955245749167,4.20736001392244
"135",17.1121,-6.59155854170447,4.18204147265365,3.05860223269264,3.43875776339122,3.59382567236945,4.17080290367014
"136",17.2386,-6.30393268480124,4.19722370474996,3.09973067633333,3.4320624251405,3.60540849930562,4.16626888217477
"137",17.3651,-6.39334120124878,4.27315211379903,3.08806557335076,3.44632514805843,3.62329976904917,4.1893718710057
"138",17.4916,-6.66848793632401,4.40275252273759,3.14870760305016,3.46247889879879,3.63549371053197,4.22522343944565
"139",17.6181,-6.72974686976478,4.62570632233337,3.08716748122332,3.48259039970053,3.6425797025396,4.27250476891437
"140",17.7446,-6.39020378870876,4.54614038962974,3.11342332643508,3.49586076161169,3.6598789650515,4.3193823946169
"141",17.8711,-5.27743303159021,4.32243209425343,3.13227177333081,3.49417367101955,3.68668982299485,4.36588405192649
"142",17.9976,-4.94518960606228,4.25326676982112,3.05208930115537,3.48566833078561,3.67468868968357,4.39546848195879
"143",18.1241,-4.90750086914418,4.28095806445838,3.03411719359825,3.46157841994184,3.62514314181493,4.40868819135891
"144",18.2505,-4.98926384201745,4.4106438067252,3.02185303689907,3.42840256222191,3.5343060315223,4.37171109417349
"145",18.377,-4.8307420673718,4.34170912358594,3.01324534553582,3.37335078925667,3.401771004266,4.28415978671437
"146",18.5035,-4.91443203239075,4.0715512283251,2.93828335055609,3.31257208950077,3.29551331850138,4.18131838880258
"147",18.63,-5.36941639174639,3.79079421510525,2.79342466666479,3.23739653211834,3.21676605335995,4.06246940428417
"148",18.7565,-6.15485711804812,3.71827856434842,2.7295664395911,3.159479330858,3.14577790285314,3.97073008900224
"149",18.883,-7.35726436745899,3.78447387960294,2.65309934025905,3.07433774041366,3.08322746941598,3.90847142062929
"150",19.0095,-7.50338497343446,3.72728060576875,2.59852069197342,3.00309432502481,3.04121326153101,3.89641862966447
"151",19.136,-6.21671312221687,3.66669584925643,2.58530059356417,2.97027770911975,3.02232387905776,3.94090018804997
"152",19.2625,-5.52572619507534,3.79654588772078,2.63117776308655,2.958393680855,3.0608081667958,4.0392845491694
"153",19.389,-4.71301607075733,4.03640457671687,2.72368962959438,3.00705313684226,3.16640882346027,4.20072501914737
"154",19.5155,-4.35096378852888,4.19131634286267,2.8010461571747,3.06041719756055,3.27897104251139,4.34840490414589
"155",19.6419,-4.33808093876023,4.29044438228155,2.79738395605276,3.12803697473132,3.39989875429559,4.47925649327949
"156",19.7684,-4.60445452504861,4.24384802338936,2.83102865406884,3.18497106570907,3.51356553956238,4.58242024735645
"157",19.8949,-4.68174543168548,4.15026770059399,2.82508707629893,3.207360785179,3.61791133163375,4.65037165498784
"158",20.0214,-5.11441867318235,4.1766970621674,2.80817508336598,3.23120490140623,3.80799856478672,4.77513049427524
"159",20.1479,-5.76894113896279,4.12340025780437,2.90930584964919,3.25998285663302,4.11099439892443,4.97469618953457
"160",20.2744,-6.28005661238227,4.20219998660457,3.14150533685484,3.31064085949551,4.45402717460213,5.2235883123234
"161",20.4009,-6.88342410015549,4.672032241472,3.35977524095678,3.43970236638595,4.85186707437295,5.5400040653071
"162",20.5274,-8.76465012635215,5.42671256147473,3.57505348075977,3.58419991122373,5.08780322410192,5.78420892906178
"163",20.6539,-8.42000840977818,5.84722328513713,3.71909490376164,3.78722576661186,5.09329016639585,5.92563086044642
"164",20.7804,-7.00180736128283,5.86549787057929,3.82028698363804,3.98329475924198,5.06120618869368,6.01118098387736
"165",20.9068,-5.87184900819721,5.56474954493989,3.9083757777717,4.15126537969974,4.97357184666997,6.01401667759535
"166",21.0333,-5.99585945500786,5.80131322632417,3.8411114361845,4.29488823042008,4.93074240555578,6.02863512958307
"167",21.1598,-6.35763060253096,6.21926859266855,3.8326977654062,4.33341838243091,4.95725584186816,6.06145767693902
"168",21.2863,-6.58157194903281,6.13532299605496,3.83291127235582,4.36576537484323,5.01082855520198,6.09419726349495
"169",21.4128,-6.07296295362498,5.61995489392485,3.72304041119809,4.36983871235132,5.10791928106511,6.12680342855804
"170",21.5393,-5.96821934214581,5.27462935758214,3.8188681452268,4.38124441871543,5.277846434651,6.17660842184835
"171",21.6658,-6.70134583875496,5.60535219336968,3.98830651884023,4.42845936832993,5.56973225791219,6.2552114531005
"172",21.7923,-7.50636265505102,6.34601189277517,3.98494984101825,4.47412119181843,5.82562352695009,6.32490065174595
"173",21.9188,-7.72772095706685,6.5124127335314,4.15882457312567,4.51165779389904,6.01873904415388,6.37904381695153
"174",22.0453,-8.06266406187396,6.07039982499285,4.4933788493094,4.55639903667128,6.11181175945217,6.40333720742772
"175",22.1718,-7.91707794364859,5.90763781874876,4.39191836141951,4.641652238097,6.02306949400463,6.37338245496588
"176",22.2982,-8.32312672833149,6.22275336925731,4.45005547720802,4.72172962802311,5.8748311568232,6.3202996950374
"177",22.4247,-8.41661946747968,6.47070481769028,4.54481666500089,4.77067862526014,5.61326487071324,6.22317318982841
"178",22.5512,-8.04591897312903,6.58814210515278,4.5308192978447,4.80272823702174,5.29815735527944,6.0553697464912
"179",22.6777,-7.7485580212918,6.36382277075376,4.31526524852426,4.72289577265391,4.87685131658775,5.74737926314025
"180",22.8042,-8.93364223939892,5.80394757115969,4.01945808490727,4.62950389992813,4.49786491875899,5.43844863080834
"181",22.9307,-9.43754071383249,5.05269699596231,3.76858634085624,4.43829058119146,4.20649661232852,5.12757152497944
"182",23.0572,-10.0873273068406,4.71373736414707,3.58941296732093,4.25023634375099,3.98617859239826,4.8790312433255
"183",23.1837,-9.43018492870038,4.7074842640895,3.4798472782144,4.08716554501218,3.91950681702471,4.76529434394992
"184",23.3102,-9.67464604847751,4.62327961090982,3.44243626909461,3.93393732424899,3.86642860327298,4.67760654946129
"185",23.4367,-7.79285394674196,4.44186847391718,3.42010859914643,3.86664238042669,3.84407604298085,4.64879778844135
"186",23.5631,-6.84928986839922,4.4952705254432,3.37119116543519,3.80127710298827,3.81166257064685,4.61559700052166
"187",23.6896,-6.9373864143536,4.70293300842757,3.2945886718023,3.75427047567694,3.75531159357266,4.57189564539718
"188",23.8161,-6.88283419652574,4.40152867139137,3.34916981443784,3.708765193703,3.72614294600933,4.54423499381855
"189",23.9426,-6.03027628482438,4.26594061260473,3.3030049846408,3.67984620307551,3.76451826874571,4.55643306014174
"190",24.0691,-6.22284367283711,4.63547149891512,3.25716112235359,3.65368998789832,3.81086336774896,4.58157386526465
"191",24.1956,-6.25633999812204,4.80874387258779,3.40944648196286,3.66235068484749,3.87796167332747,4.64041741472642
"192",24.3221,-7.03750719934929,4.91188679319043,3.40387136838912,3.67277283764132,3.96200484765334,4.705144314243
"193",24.4486,-6.77779021844531,4.98657631351514,3.46067640290202,3.70894269068284,4.09233400563724,4.78594195756715
"194",24.5751,-6.46956824053717,4.91854058355026,3.50732500550841,3.74432787510553,4.19769622859555,4.85604137142924
"195",24.7016,-6.43302334129377,4.89456193873437,3.39240850631527,3.76611213680162,4.23144076025723,4.89545289772127
"196",24.828,-6.42879611873829,4.84633984235958,3.52132966896393,3.78755695784151,4.23120888301329,4.9224263118813
"197",24.9545,-6.33354631877077,4.85098533750378,3.6285350907301,3.8020625022451,4.12818139959868,4.91185439766154
"198",25.081,-7.94932549722348,4.97231448671228,3.52070015413067,3.81559666566704,4.03637249899924,4.89872054984761
"199",25.2075,-8.12943551929779,4.86400706672981,3.43699975336107,3.80217500684856,3.98033676148262,4.87741735749329
"200",25.334,-6.84204553926542,4.5608406380948,3.54544097553117,3.7881114217528,3.91043935859697,4.84967323948328
"201",25.4605,-6.34101524454046,4.56784289958329,3.37707694101622,3.74931361478581,3.79393808076367,4.80027428521704
"202",25.587,-6.78176506413799,4.74077433136528,3.18416733100185,3.71001879158308,3.67513636376504,4.75436076144801
"203",25.7135,-5.8786496785207,4.63113645351693,3.14066371956134,3.63978470770634,3.54816726023337,4.72082176969601
"204",25.84,-4.93024585376857,4.3659898124485,3.16396290392833,3.56991943551205,3.49548373901547,4.73291771615334
"205",25.9665,-4.3516842155558,4.20506748425031,3.18860441903556,3.55800369892305,3.72179005513388,4.91640202077276
"206",26.093,-4.44933616030695,4.44754892762348,3.29997004307831,3.54608796233404,4.03553049742339,5.14753965508643
"207",26.2194,-4.79575487268403,4.97719650394535,3.45684022843196,3.63827925894941,4.69676317306454,5.56801989209058
"208",26.3459,-5.30566027911657,5.45405402443607,3.65874551390763,3.73087422177861,5.33775775114834,5.98464734160644
"209",26.4724,-5.27277515495117,5.71818992528252,3.94809577832194,3.92909743845919,5.89053866090712,6.38349098778069
"210",26.5989,-5.3912937130042,6.10550925485758,4.15090239647665,4.12875950154639,6.34273086925397,6.74062249860522
"211",26.7254,-5.09526805221724,5.96575917727296,4.5303281224949,4.37237135736149,6.33985803540544,6.9090475805114
"212",26.8519,-5.18673469075484,5.99571091810224,4.80809166918899,4.6170143976338,6.2772545723746,7.03268684972708
"213",26.9784,-5.47730672938635,6.53978486516136,4.48997164633744,4.73848727710386,5.92618244859236,6.94003334613336
"214",27.1049,-5.30554841276081,6.3783773323577,4.56352600776946,4.85583435870392,5.6020833917165,6.84498825342755
"215",27.2314,-4.5820198340863,5.96488991300709,4.54592111880304,4.86536219500279,5.41745482713711,6.73757689506897
"216",27.3579,-4.45703825532122,6.08739878529816,4.28031235560925,4.87017516331408,5.27987920250877,6.65597136468859
"217",27.4843,-4.33482352809627,6.1590729263094,4.31140954467032,4.87508753768876,5.40355677640075,6.71765303340901
"218",27.6108,-4.27572285708584,6.62787213719161,4.39688873118131,4.88000939810889,5.569742299424,6.78953537425818
"219",27.7373,-3.98517717639926,6.89603823096393,4.6179005524358,4.93043179093485,5.99156649855882,6.92261095163025
"220",27.8638,-3.9563246519502,6.80538256859933,4.80570006761955,4.9838441092264,6.42297551538078,7.04797876551921
"221",27.9903,-4.14124161887747,6.76733254124756,4.95772156027811,5.07973008939796,6.91697110960027,7.12301671904527
"222",28.1168,-5.03686707397473,7.08678240052416,4.88979856241744,5.17886937133054,7.31897296852193,7.1702391512664
"223",28.2433,-5.90052180580395,7.13439722834137,4.97729276883532,5.17845047478468,7.06699372202516,7.01972175574924
"224",28.3698,-6.01183492796781,6.52166459668298,5.25758267218026,5.16929990652361,6.75526913617164,6.8297716924821
"225",28.4963,-5.36939607126156,5.79593354141567,5.21271603076653,5.01470310975325,5.97844367935357,6.33284926430017
"226",28.6228,-5.57116350236183,5.31397210129917,4.64690214676678,4.84570069174044,5.2018588245028,5.81975700242888
"227",28.7493,-7.32258064008097,4.92184751484701,3.79814238696938,4.4813208479094,4.42733913653797,5.16787366805732
"228",28.8757,-13.6827817684052,4.28059069035563,3.21496331574877,4.09563283089866,3.69517383066981,4.54398562584567
"229",29.0022,-20.9967015886809,3.68137041580741,2.80580497168279,3.74351103799059,3.36438333316132,4.18422129355741
"230",29.1287,-16.3117646706275,3.44539475683646,2.72961852321125,3.39557052272624,3.06382639404865,3.85415192644735
"231",29.2552,-12.9743089814892,3.64920762485108,2.76633009092837,3.24075660764147,3.0904700215001,3.84545423855547
"232",29.3817,-15.826818222984,3.98264374888438,2.77657282794089,3.11212053513042,3.12371938908218,3.85014675045416
"233",29.5082,-12.5210958513876,4.04865834469274,2.87944123534309,3.11597837205483,3.23832366143103,4.0197501439841
"234",29.6347,-9.45734034415564,4.07728201850653,2.96249794883296,3.13943376545654,3.35219399051009,4.19027747373405
"235",29.7612,-7.12704505000035,4.17679730866025,3.05427963042788,3.22215906650642,3.45561226001215,4.37396254579786
"236",29.8877,-6.21464579372816,4.40145156463102,3.06383524997084,3.31440017841724,3.55991347873968,4.55280456958634
"237",30.0142,-5.87953024650838,4.46825905423515,3.10464618994196,3.38447140836754,3.67906316754061,4.65020152801229
"238",30.1406,-6.17517063125782,4.41712807043496,3.06431104263113,3.45064449034571,3.80070162405818,4.7441691276511
"239",30.2671,-6.65069202536876,4.28096532237518,3.11448971337287,3.47985091407434,3.9761864999342,4.76844984629579
"240",30.3936,-8.0521548512147,4.2707165509877,3.04644602401319,3.50210541097266,4.14577075590471,4.78991217665358
"241",30.5201,-10.6791854161813,4.31067137718893,2.97470315074876,3.48260325148189,4.15898858437941,4.73668721740854
"242",30.6466,-13.0643013200308,4.26418849670983,3.03469086928111,3.45469424379122,4.16734046803523,4.68198251621968
"243",30.7731,-14.7908863326136,4.12209821019182,3.06782822413842,3.41917446406992,3.99951652604306,4.57370245230016
"244",30.8996,-19.7538281629286,4.11676257053713,2.98234283277954,3.38201701582329,3.83182025135357,4.4652914547095
"245",31.0261,-15.3041295960056,4.06996623083563,2.97668098185035,3.3488231090506,3.67133717926591,4.34948270469926
"246",31.1526,-14.7616954189722,3.96926482835003,3.00647064545897,3.31653823608534,3.51123783394955,4.23376987917196
"247",31.2791,-17.9841941174466,3.95948334666679,2.93531392761249,3.26811637237114,3.39929619843188,4.13009557625415
"248",31.4056,-18.3773962767827,3.82823662294216,2.83494857506568,3.21575943126684,3.2873545629142,4.02642127333634
"249",31.532,-13.3804646087122,3.52821612199247,2.84319397911229,3.15766163026164,3.24458874259142,3.95253127160281
"250",31.6585,-15.53588527295,3.52535439113687,2.77697137296008,3.098019286054,3.20189866379801,3.87862992169228
"251",31.785,-17.9384633135301,3.64333627033648,2.73710436090032,3.05034235489741,3.16016468260317,3.81668823539949
"252",31.9115,-23.4383747456178,3.65682076357312,2.70991573503325,3.00595832471153,3.11844217457951,3.75489006507011
"253",32.038,-17.2853210115854,3.48799946584058,2.67561467779809,2.96391479339429,3.06922972727286,3.69257967423578
"254",32.1645,-13.6848664492201,3.3564289728896,2.62454478835355,2.92255191736027,3.01985392910947,3.63025811219496
"255",32.291,-12.0309292395475,3.28574158111451,2.61816561997518,2.88919242612062,3.03453616383318,3.61364667870976
"256",32.4175,-15.9868590795764,3.30898761921949,2.66401674663502,2.85828851885198,3.05125613369768,3.59848931946084
"257",32.544,-43.4599973566213,3.50157206822763,2.56524656338978,2.83357458917619,3.04327964453937,3.57961317477451
"258",32.6705,-49.0488952172407,3.51297008789207,2.59620653263338,2.81086139493575,3.03426565998554,3.56058080434081
"259",32.7969,-21.1683592145176,3.31619224363307,2.67654509899654,2.79071389740784,2.96728329146462,3.49677332530938
"260",32.9234,-29.5291285683598,3.23589297702633,2.5771392845979,2.77141840533826,2.89720434462693,3.43056398173116
"261",33.0499,-157.395220924282,3.23776295742795,2.47225212208786,2.73288808562502,2.80907759211603,3.33234051316073
"262",33.1764,43.2262056900739,3.18232046574859,2.39931625701641,2.68745719401815,2.71979723722399,3.23207072541501
"263",33.3029,112.789940430378,3.00499385556625,2.38023204133627,2.62445654156433,2.67966043348063,3.14797418111578
"264",33.4294,66.7967108226395,2.85618981573961,2.34119346524528,2.55484094106586,2.64319791393531,3.06508685127984
"265",33.5559,23.8690972496578,2.81539522319474,2.32100556916587,2.51846307243748,2.76469898516584,3.10548656336727
"266",33.6824,19.1271901232952,2.83106073558899,2.40606046834619,2.49520439676334,2.89975916290073,3.15646885416057
"267",33.8089,193.609253536468,3.03670105937357,2.6308234286842,2.55247011943236,3.1532700792651,3.36565487262024
"268",33.9354,-31.7930632896811,3.60378247375902,2.92945964792789,2.64302525817619,3.41828705176694,3.59020846913597
"269",34.0619,-18.0094955931039,4.21701993643793,3.14236815096547,2.82703663465028,3.63035395379246,3.85782106098278
"270",34.1883,-10.8155696845576,4.39086947759057,3.45661366027049,3.05130125794296,3.83650332935628,4.12989790734934
"271",34.3148,-8.99057491871344,4.51733812180346,3.61423258397979,3.28979548507327,3.92858551274932,4.29965024221221
"272",34.4413,-13.7465171738755,4.7445906077979,3.43259405787988,3.53466972464161,4.00679398244619,4.45694872298134
"273",34.5678,-17.0345707854682,4.61302560826934,3.42820603903142,3.66339496315377,3.9202539036198,4.44506094495083
"274",34.6943,-14.8799915195445,4.43695619899982,3.42738670357646,3.73702388065209,3.81171782682748,4.4105846789623
"275",34.8208,-11.4133957838247,4.40080101248484,3.33524058904366,3.6946576284196,3.5610451922161,4.19009070398315
"276",34.9473,-15.7626703288458,4.19236485566439,3.05973697282904,3.59484223184053,3.28964430958944,3.94246914644287
"277",35.0738,-123.353158552755,3.44603523913937,2.71178604604486,3.38241580284277,2.9901761891606,3.60465082048991
"278",35.2003,14.2612994451251,2.83235196343484,2.36520063201717,3.11179350457348,2.6862615191532,3.25254307976095
"279",35.3268,9.79690178882098,2.58055438578009,2.1853749596674,2.85605649733755,2.53056310917274,3.04540640603696
"280",35.4532,10.1634966525103,2.58229112727952,2.16165050407484,2.60853743371228,2.40035660705897,2.86324685273171
"281",35.5797,12.961175387944,2.70689675000061,2.18488542514139,2.4586121681509,2.39027483709167,2.83377290692999
"282",35.7062,15.9024721875507,2.83255275659668,2.24636526510953,2.36380688623501,2.40250337006409,2.8326591155544
"283",35.8327,18.9451852631929,2.90691525468358,2.27148642189921,2.3377937310609,2.44993763388425,2.87726376905361
"284",35.9592,22.9921281701942,2.92654050987954,2.30385315225189,2.3521754508117,2.50437967351295,2.93096877650894
"285",36.0857,28.8811453097504,2.87382623193234,2.35232576665265,2.38268487192685,2.55991740602006,2.97550059205494
"286",36.2122,23.5267580163003,2.92782750097184,2.34360545513732,2.42305581744312,2.6156883540775,3.01807991613031
"287",36.3387,21.1498649656729,3.01374656323511,2.33491015415413,2.45723589311755,2.65245814426787,3.05529647521537
"288",36.4652,23.2735751969344,3.01608179914601,2.37851459429744,2.48747559626652,2.68491535352624,3.09129587910379
"289",36.5917,33.0392879711566,3.02317516043089,2.46574541171434,2.51682948831878,2.72553235714774,3.1412183542022
"290",36.7182,28.1884698306532,3.14733099392635,2.47080063108122,2.54559671967099,2.76811924243101,3.19450204178114
"291",36.8446,34.4531866260291,3.17056943025347,2.48608010496748,2.58424750945283,2.83071395173899,3.28239432752909
"292",36.9711,56.043705609713,3.26148135608828,2.5932453401819,2.62976804113236,2.8985021136391,3.37924974509947
"293",37.0976,-65.7807992395327,3.4906317706351,2.72248756104015,2.69723513190804,2.97449830182481,3.50145796878996
"294",37.2241,-40.0980454811067,3.68668146139397,2.8256957904392,2.78047631203408,3.05273229194552,3.63057827543674
"295",37.3506,-37.660992531185,3.73966322895491,2.85015986347354,2.86927982749039,3.13129097388084,3.7457614722592
"296",37.4771,-36.5534564458151,3.83821265773682,2.83588356321872,2.96223972887719,3.20994322789716,3.85692817001822
"297",37.6036,-18.5219040158538,3.78778623600501,2.87507693803129,3.03585903154856,3.29754942095058,3.94388107816128
"298",37.7301,-12.2533605532669,3.71047908439452,2.99992011798249,3.09445677370079,3.38787871917509,4.02346999874071
"299",37.8566,-11.8276251163581,3.90114521867233,3.00963291754629,3.15680019938858,3.48082188023892,4.10115736134547
"300",37.9831,-16.8326555949615,4.26884876956387,3.05227768162384,3.22216692678722,3.57460267793289,4.17823535203141
"301",38.1095,-22.3918706899866,4.50259163295487,3.06620184862917,3.27514444315293,3.55267752243085,4.21037236645714
"302",38.236,-21.9692369366476,4.39507787068296,3.07904693737371,3.31779357924262,3.49167075399226,4.22737283653093
"303",38.3625,-14.6043272559261,4.0943469265658,3.06799150553811,3.33633753653626,3.41907290216361,4.22804433245448
"304",38.489,-12.6422371251471,3.98520400202174,3.01459642115712,3.33381178199336,3.34235046331943,4.22290530381439
"305",38.6155,-10.323354587104,4.09576182315555,3.00006520522537,3.31868505075695,3.36909933631939,4.26879529196213
"306",38.742,-9.07933881794699,4.23768545685356,3.02645858201883,3.29211670870682,3.4344954745467,4.33374497801978
"307",38.8685,-8.17455638089061,4.24431585357336,3.03859064913268,3.27372476431642,3.53211434695356,4.40049021574099
"308",38.995,-8.14190431973136,4.15061411362069,3.04613860029609,3.26304450681247,3.6423529040336,4.46793866181449
"309",39.1215,-8.12250845677773,3.98744821353213,3.08240329953376,3.26122265171411,3.69411226196154,4.4805610927092
"310",39.248,-10.7133894720969,4.10777886556708,3.01704805502816,3.26807898113202,3.72188015357067,4.470690799428
"311",39.3744,-12.8605421996147,4.15325465201478,3.06710898283813,3.27746216916077,3.71576173695403,4.44136951146801
"312",39.5009,-15.0167955894095,4.20316165974413,3.16867565659725,3.28943564310284,3.69506988646589,4.40365376732486
"313",39.6274,-21.4517505067115,4.31766971849021,3.08121555091759,3.29789283768818,3.65840092884762,4.35404115065612
"314",39.7539,-33.6795858919496,4.26379020969215,3.0249006819673,3.3026218598611,3.61453127959846,4.29906675542941
"315",39.8804,-28.9914238539866,4.00378299678783,2.98786912894979,3.28572246835273,3.55157380112181,4.22411879031561
"316",40.0069,-34.4616409414635,3.8265873296162,2.90073276707608,3.24500307971696,3.47962728678804,4.13976466728986
"317",40.1334,-39.6210043801666,3.84009013345017,2.80600363980417,3.20341584963086,3.40850553054218,4.09822513595376
"318",40.2599,-20.1043240172514,3.92495265591659,2.85028544781204,3.1608357500889,3.33778934519568,4.07773947812543
"319",40.3864,-10.0774486039248,3.9518784125525,3.03582671785027,3.14900282446963,3.32931471249073,4.13524557682424
"320",40.5129,-10.4948357965106,4.19230223574048,3.08613747169271,3.17371541526021,3.35277982390447,4.23277376110934
"321",40.6394,-12.1421934308086,4.40390247481951,2.99860201000383,3.20874337462992,3.37736907497655,4.33186955983471
"322",40.7658,-9.77826630701863,4.45121148862671,3.00903674042282,3.25647287126682,3.40254004530304,4.43172533685319
"323",40.8923,-6.56403313082851,4.37137917066588,3.09375571398434,3.29446906173353,3.47963662620885,4.53040250059796
"324",41.0188,-5.53722561840276,4.29539208751531,3.11767830178183,3.31988478276855,3.5857901570086,4.62837564911932
"325",41.1453,-5.87627726624251,4.32765453753614,3.1090470738145,3.35000087393085,3.72087908049647,4.73634705209487
"326",41.2718,-6.72612561319756,4.60360481831054,3.13771851846683,3.38640729406198,3.87284396517665,4.85014972738038
"327",41.3983,-5.79150010892219,4.85626549474927,3.19684094473118,3.42285214080663,3.9336466742506,4.94446597433842
"328",41.5248,-4.83247451907102,4.67327639615602,3.34162164116554,3.45935045066574,3.93908023473525,5.0269467540277
"329",41.6513,-4.59795136359268,4.53078650427888,3.27346760488517,3.49761261434435,3.92835608243569,5.08351762133558
"330",41.7778,-5.25746118455281,4.54812124605746,3.1250497560443,3.53842673674055,3.90741608592419,5.12370673758943
"331",41.9043,-5.11741803194654,4.53726898079413,3.16691663042648,3.56644589899941,3.95294947387124,5.15250931001724
"332",42.0307,-5.14706600117072,4.54264253742659,3.22718503311915,3.57520235209179,4.04214707653007,5.17380349580441
"333",42.1572,-5.62479291392895,4.64607936005178,3.19714933605343,3.58652734284832,4.20780609747544,5.21050066495807
"334",42.2837,-6.47412783803831,4.86788588822373,3.22363812618064,3.60187697710068,4.42592016914069,5.25776298131275
"335",42.4102,-6.03189152481532,4.88792960905903,3.40072328415797,3.63541803226292,4.54995324697523,5.30653389144635
"336",42.5367,-5.47838845149319,5.16895403371344,3.39956091773135,3.69870964037151,4.60680382650521,5.35638207654131
"337",42.6632,-4.63295625635142,5.36198689975657,3.46555121705017,3.78547279602738,4.63447720042263,5.42669321279583
"338",42.7897,-4.1089444747095,5.56283350853133,3.80698154129193,3.91220779654472,4.6404887095671,5.51219654006273
"339",42.9162,-3.97532800028383,6.29522054100289,3.89778704279757,4.05987070950689,4.77190787393528,5.61620526877817
"340",43.0427,-4.18720726768477,6.87934321902637,3.89056793193866,4.24466230924066,5.00010521481363,5.73449477648261
"341",43.1692,-4.61805275480552,6.59759213446316,3.87849753259981,4.40577507802734,5.16610133105187,5.82481245696212
"342",43.2957,-5.47495386502814,6.20249245123177,3.83726869587513,4.52310334184206,5.2822124195517,5.89269689139089
"343",43.4221,-5.74006141460807,5.81281866104819,3.86004625014345,4.59516523150701,5.28630590290798,5.91395240000724
"344",43.5486,-6.81105701882708,5.56498278237772,3.70019886646751,4.57990733514621,5.1969218398576,5.89632492337899
"345",43.6751,-7.66818484203529,5.47527607032998,3.6401466011072,4.53196597608912,5.01830200357882,5.81784870218205
"346",43.8016,-8.92787920508596,5.42131229073327,3.60647387979424,4.41803366371208,4.76217753708098,5.68652305438781
"347",43.9281,-9.26097219874026,5.0882632608126,3.41084121607553,4.28722808687592,4.49670707495441,5.52360606442657
"348",44.0546,-7.77153420119367,4.32552165358307,3.46915732022418,4.12085184442322,4.22280413556883,5.33218560784848
"349",44.1811,-7.9165193798604,3.8648810524425,3.29605215773189,3.95263848014607,4.04361344001238,5.16477036084388
"350",44.3076,-10.5163565237221,3.67001232412873,2.94789681378991,3.78037879691379,3.95318827772304,5.0198531050475
"351",44.4341,-7.73215965795012,3.55143243368512,3.05711079618202,3.63628162341703,4.01049092826803,4.93811344398239
"352",44.5606,-5.37802301989352,3.98741782428906,3.31976690312126,3.55703910680468,4.21160349333503,4.9178758408148
"353",44.687,-4.78044248256058,4.97882165727037,3.39500670635648,3.53647288250188,4.47284069776283,4.95923462153942
"354",44.8135,-5.29008305071868,6.05228222471049,3.62110191886055,3.65762568279485,4.79538444333379,5.0630403113981
"355",44.94,-5.03649592474497,6.45450825006433,3.85817199509893,3.80628290396871,4.96725314232423,5.19046211419832
"356",45.0665,-4.26218668555606,6.49220930015799,4.18946699235198,4.02462311324027,4.98037491723875,5.34276517884769
"357",45.193,-3.79548380826046,7.103231405748,4.36986332614037,4.24248984899393,5.01705841159676,5.49359033285185
"358",45.3195,-3.70045038877951,8.33251178719574,4.49665142735878,4.45909900624198,5.07952716514708,5.64279810451086
"359",45.446,-3.44161674924212,8.86832808712789,4.79407501605499,4.67964885837446,5.24488714871704,5.71041480239919
"360",45.5725,-3.35205424878597,9.67619224458407,5.01528721806257,4.91118310253512,5.52721638533302,5.68527678297726
"361",45.699,-3.40077313298727,10.9570859226796,5.08774607344921,5.16218967414188,5.81727806477849,5.65900122545731
"362",45.8255,-3.33866801648413,11.5302172671942,5.5470512931031,5.47022234755508,6.11647202584154,5.63138219621812
"363",45.952,-3.09414749694031,10.9974426721323,6.09215229812785,5.78318297853363,6.4864456155658,5.70952838447078
"364",46.0784,-3.21604722393777,11.773308967649,5.88235517175199,6.11106549741399,6.94291265583924,5.91729603864942
"365",46.2049,-3.28042629698924,13.1211583551894,6.1193124655084,6.43570238629223,7.53846073130895,6.11803355211743
"366",46.3314,-3.28667258109986,13.7413041930761,6.70768078185907,6.74891547131278,8.31147030841504,6.30956727308657
"367",46.4579,-3.45110485869752,14.3797390780903,6.61447696377218,7.03761357239756,8.67166204867851,6.39250612962244
"368",46.5844,-3.80228881998912,13.3969138239684,6.31369815402846,7.24201453573828,8.4829505141716,6.3310518146651
"369",46.7109,-3.96776402486249,10.5920568090771,5.95214308221551,7.34943054140726,7.90619787622842,6.22710900811016
"370",46.8374,-4.40800557674639,9.26163210354751,5.15927047468499,7.10443234191013,6.79305697101177,6.06443446364067
"371",46.9639,-4.45655022971616,7.93984426684254,4.38848200800432,6.76903976367347,5.82268721676274,5.86218879828926
"372",47.0904,-4.58744787657395,5.90681544307479,4.20545536479824,6.08592321511314,5.057533798972,5.60306441197849
"373",47.2169,-5.42984167654369,4.94917019161726,3.78363812838752,5.42546100678839,4.49660531146525,5.34568024625496
"374",47.3433,-8.54959057652415,4.65176009078387,3.29937379804241,4.85788481692343,4.24120924694957,5.09109923946728
"375",47.4698,-13.2157726927952,4.38566368490489,3.13189482141499,4.32917737628269,4.00180535870274,4.84917835866016
"376",47.5963,-17.2629701815072,4.23591038954102,2.96926277076015,3.97190212491979,3.78767627090223,4.62733084523924
"377",47.7228,-13.1463029072931,4.10229471670512,2.89280365653621,3.64585262266763,3.60146848036719,4.43164315122563
"378",47.8493,-10.2269216639662,3.80716442206055,2.9487052917123,3.46491921338104,3.4606183158879,4.27845159537783
"379",47.9758,-11.890285719484,3.69738349199001,2.84001550846181,3.29933138956185,3.36149475697898,4.13432925297215
"380",48.1023,-30.6391134604821,3.72468748877207,2.74417544857751,3.20996479921986,3.33295130749228,4.00554738862284
"381",48.2288,490.097338260898,3.72819025029129,2.63265266889016,3.12118616285979,3.27864993556319,3.87496134832207
"382",48.3553,-310.936843817447,3.61257237694872,2.68148462743024,3.03553838145347,3.1789628793306,3.74119633423785
"383",48.4818,-26.573833247978,3.46833155168176,2.79060357641501,2.95581320982701,3.09055432200864,3.63036973566613
"384",48.6083,-26.5453471666653,3.41301360594375,2.72547081875057,2.91001703146065,3.02285673017504,3.56166547410057
"385",48.7347,-37.3744355678944,3.41381531089444,2.68231339974159,2.86748294064678,2.9839370707433,3.51636572354238
"386",48.8612,-95.7514696176797,3.48713632683912,2.70409746592126,2.84500530271202,3.00015723155758,3.51587855704094
"387",48.9877,216.223135313006,3.5866768695375,2.69012854878925,2.82391058140135,3.00888431402157,3.52474205011827
"388",49.1142,-247.320485794809,3.5406817371748,2.76061907082212,2.81216539456762,3.00258964321323,3.55235128353879
"389",49.2407,-24.4500312288697,3.37249963499424,2.88819182087115,2.80485649638485,3.01729137923821,3.59542048381
"390",49.3672,-21.18064084153,3.50366958995303,2.88465037503638,2.83027624427615,3.07593669533487,3.67084599612082
"391",49.4937,-41.7564582686307,3.80825538073279,2.86278271908693,2.85692853266442,3.1316561359893,3.74424293885844
"392",49.6202,-61.1683248545208,3.88239259187174,2.86403894007462,2.89356528579802,3.18097844847277,3.81320462116899
"393",49.7467,-23.0416425133582,3.69068816160325,2.89250509868861,2.92823896532397,3.21698086660305,3.86790229027523
"394",49.8732,-20.7040241334593,3.55250466236335,2.93800133620368,2.94532226874352,3.22253781192604,3.88999650062876
"395",49.9996,-36.2761379674649,3.57117202525364,2.82472075290864,2.96140753900366,3.24921502536306,3.92059049569418
"396",50.1261,-127.512388935856,3.53964752408994,2.80407291218499,2.96756602976315,3.32660717528164,3.97164793688344
"397",50.2526,-24.2647561196735,3.60106940980077,3.06226106109526,2.97839955292481,3.4494163339774,4.05939561917986
"398",50.3791,-9.27793269066863,4.22323408134767,3.29019431197506,3.04253761220121,3.68639880640467,4.2393784909262
"399",50.5056,-6.61543199776097,4.90992175946656,3.48478886803389,3.115006781216,3.91640544329978,4.42028526319287
"400",50.6321,-7.99301026587064,5.16111466412386,3.68744877948016,3.29624321625988,4.12803035265759,4.60362656642835
"401",50.7586,-8.97570065478299,5.24804498379303,3.63213999825507,3.47539489587799,4.26455220726615,4.7375246203312
"402",50.8851,-9.23296466497336,5.05912636686515,3.58078781558441,3.62282087433735,4.19342305633286,4.73471797593044
"403",51.0116,-8.24263943666788,4.66855317941581,3.5683947082164,3.76258349730043,4.11538904425626,4.71418617749822
"404",51.1381,-8.13124521076907,4.50609454977249,3.48722078026728,3.76312849541456,4.01730109904427,4.64217484220302
"405",51.2646,-8.93814821600183,4.39024882693351,3.48767520598296,3.76163019448266,3.95715175415598,4.59075331473355
"406",51.391,-10.8189878923601,4.32963588493539,3.4743021421847,3.71434642854253,4.01284131936377,4.60221402427889
"407",51.5175,-11.8123775508483,4.39179704374188,3.48116171513229,3.6685874845152,4.06805727507576,4.629219355956
"408",51.644,-11.249526881487,4.46004682333063,3.72946470589405,3.66946682013448,4.1216007659233,4.70641648108071
"409",51.7705,-10.6387538832108,4.55268986354049,3.79186939927036,3.6718530906692,4.16575517281996,4.79103232550324
"410",51.897,-10.930903526975,4.74565633985246,3.81942616685253,3.73846596656527,4.17791472221152,4.90092868376994
"411",52.0235,-8.90559468536087,4.73567934109473,3.95201815864192,3.80518740894656,4.19601520049048,5.0041646951226
"412",52.15,-8.56169138966524,4.69974152542489,3.92673031584262,3.87987890859482,4.23550302276408,5.08342345758478
"413",52.2765,-8.36273981456657,4.69247287315276,3.9049223949792,3.95444610856815,4.28840802669459,5.16015877595897
"414",52.403,-8.55001281582937,4.76384695005732,3.93134712932591,3.99768979046132,4.3924309622609,5.22728006020332
"415",52.5295,-8.45060463317731,4.9076859592701,3.95314227899821,4.04093347235448,4.49057987903802,5.29433560550677
"416",52.6559,-8.90840178229417,5.02424713402146,3.94007414297658,4.06961633173726,4.5649398669011,5.36107277756972
"417",52.7824,-8.01484637761985,4.97625946777547,4.03115452211416,4.09824092310238,4.63703832391043,5.43105620701141
"418",52.9089,-7.8022883826639,5.16358557170661,4.15310020219226,4.16791919883489,4.69912413521837,5.51481981450215
"419",53.0354,-7.89263045469129,5.45849508872281,4.1637820819118,4.23825697150503,4.75839414916542,5.60306672449126
"420",53.1619,-7.98564018443442,5.57023783941005,4.38415141203767,4.34310558806549,4.80471897082061,5.71192492339981
"421",53.2884,-7.62315200965399,5.64549005615294,4.37977180887187,4.44884986318597,4.81275017299009,5.7925961535017
"422",53.4149,-9.69380977613422,5.49626294289692,3.94798018255632,4.47468994212843,4.63271317852658,5.73483512091289
"423",53.5414,-10.0416999173027,4.82362954021842,3.85970313230413,4.49765059057799,4.46092967665597,5.66342661653521
"424",53.6679,-10.7333563255087,4.55771568523177,3.7210981629971,4.3908083772407,4.33257915808365,5.52019998091212
"425",53.7944,-11.7826993874916,4.73697070405181,3.56575031968557,4.27795378982562,4.23127417280796,5.39303939139217
"426",53.9209,-11.1649467548326,4.92995857809061,3.65255656031228,4.17033769028215,4.28298996802637,5.35677879956097
"427",54.0473,-9.32275135288166,5.1117023705098,3.73851974145892,4.06310401912896,4.3343203394511,5.33200178994105
"428",54.1738,-9.15009754133165,5.22343122433921,3.81318557218618,4.02822213996107,4.38358756554717,5.377148338028
"429",54.3003,-8.89727227443319,5.22640646321981,3.77169965727256,3.99829580718574,4.43458008621395,5.42937038075191
"430",54.4268,-8.37432510399603,5.2226155401112,3.85410332258634,4.03440069838296,4.49699488840615,5.52843560784946
"431",54.5533,-7.74094756593665,5.3221261352983,3.90318466319922,4.07568450910745,4.57675871371443,5.63882383850255
"432",54.6798,-7.87626016611241,5.65487725200938,3.95070906934011,4.13849081789599,4.78168334864586,5.83089945194916
"433",54.8063,-6.80077308623096,5.77659247919122,4.17903567448044,4.20322506794091,4.98991272540513,6.02594978710887
"434",54.9328,-6.91542718589163,5.82234905642337,4.34813384076591,4.30144356614162,5.22427749000002,6.24452556229543
"435",55.0593,-7.24170944346735,6.19067708027208,4.38910379380768,4.40304254544421,5.43597004730107,6.44872035303645
"436",55.1858,-7.60401884489381,6.52779005053299,4.37404260511646,4.51429584081573,5.44971679476741,6.52735808727216
"437",55.3122,-7.06721870645069,6.23846672288243,4.40645616732217,4.62654718326947,5.4464552680546,6.59162909846602
"438",55.4387,-6.44792606467885,5.93316548222067,4.37894344049489,4.66691992928485,5.27642663014357,6.51560643172992
"439",55.5652,-6.02840853541055,5.8253609558371,4.27156647022268,4.69826473597096,5.11424245204074,6.44176810246636
"440",55.6917,-5.93193668238341,5.74546405666541,4.38390598032077,4.6918257827722,5.03872087753339,6.39206150147098
"441",55.8182,-6.42619594303837,5.8903245718456,4.25702976937143,4.68018816476914,4.97322159070491,6.34809395836539
"442",55.9447,-6.88272650891694,6.06495529372523,4.21591006929023,4.66380842273132,5.03402468193728,6.3764508867314
"443",56.0712,-6.70938541946233,5.87367363070642,4.45067360756733,4.64671736208828,5.09321456202757,6.40217674045146
"444",56.1977,-7.6681266708972,5.93743716922235,4.22715455501579,4.62988973311673,5.12882367678179,6.3894434289764
"445",56.3242,-8.20794536904167,6.05973012876033,3.989140959365,4.61310496021674,5.15916181616048,6.375215504153
"446",56.4507,-6.90866767464166,5.87054138113466,4.24160578285299,4.5894969126898,5.09813638236348,6.33508094795836
"447",56.5771,-5.78832850893988,5.83349697852541,4.27472160605143,4.56470996309832,5.04030900007544,6.2977022558102
"448",56.7036,-6.02017956322269,6.19508836168172,4.02734519447974,4.56319130772377,5.05043552565436,6.31910401144789
"449",56.8301,-5.42239615545365,6.06946527510097,4.13219320985068,4.56609801136839,5.065609544837,6.34076735397885
"450",56.9566,-4.42538754939324,6.11979975675865,4.27506228152827,4.57944989143729,5.22085151152274,6.36968973279775
"451",57.0831,-3.68211364408945,6.44097479466457,4.47466527933359,4.59492857241465,5.38487433682456,6.40138781304841
"452",57.2096,-3.51476479164293,6.75438689675803,4.62933649315891,4.68631583628421,5.88723462067739,6.54003713909137
"453",57.3361,-4.01126723997083,7.0955301073645,4.62659765350171,4.79421449547006,6.38508843660236,6.67987966986252
"454",57.4626,-5.37796884625806,7.28395460264527,4.74460857149501,4.9266138853269,6.60241462401784,6.89399919496343
"455",57.5891,-5.86278125458278,6.90626227382708,4.89149118776049,5.06469114655636,6.81678694071067,7.10756199934349
"456",57.7156,-5.30140180202935,6.54959685031736,5.13588652318151,5.14034599323636,6.56703232011148,7.23365006046063
"457",57.8421,-5.13377910781919,6.51246654997096,5.11674696889636,5.20062586096329,6.31727769951229,7.35973812157777
"458",57.9685,-6.16568771648437,6.69717158779551,4.94331283740719,5.26802622518157,6.11495566662507,7.34343069244971
"459",58.095,-7.10782308460405,6.90622202871885,4.74447930710228,5.33735570162036,5.91262364033941,7.32665827174219
"460",58.2215,-6.87084643677589,6.77047883260873,4.89115529327123,5.37302251129074,5.91275090755619,7.33603887798399
"461",58.348,-6.38851212867039,6.68151536869125,5.12257417344132,5.39933858019213,5.91563603373895,7.34577573539417
"462",58.4745,-7.40518325666805,6.93445941786012,5.14298560843658,5.46032404458398,6.2609571711502,7.53720905953299
"463",58.601,-8.73627978829774,7.25214577456238,5.29228278123515,5.53148345223325,6.61431281044304,7.73290548847371
"464",58.7275,-11.8726713770109,7.55410174291879,5.14915839157772,5.61429632647983,6.54656781336275,7.67578362591167
"465",58.854,-13.0331976859233,7.35492868233553,4.70317630152003,5.70071622610177,6.46471732110983,7.61019317678786
"466",58.9805,-10.2431961649882,6.40855658396395,4.47023121791863,5.63022282417745,5.77857373138444,7.09688031785406
"467",59.107,-7.24027164493041,5.5069926625508,4.31003825234023,5.50857634386645,5.06600478343624,6.5639888386893
"468",59.2334,-6.8208523483164,5.36621068125632,3.99961728767683,5.31378406923477,4.84106004528381,6.24055185205949
"469",59.3599,-7.26080936045305,5.66789095278056,3.85627830853864,5.0936773590662,4.6423627040443,5.92820002391856
"470",59.4864,-8.79957300427874,5.94318219858499,3.78386924230932,4.90600344108166,4.77688227130146,5.86879342319176
"471",59.6129,-9.25327940181862,6.06019421480252,3.8251927709222,4.73005979023795,4.93329814762578,5.82600832856293
"472",59.7394,-8.47362211044023,5.98675222214981,4.02846215769406,4.61074449494766,5.03224786789046,5.81067572094973
"473",59.8659,-8.55356540824488,6.11358059490679,4.0261766995706,4.512919567959,5.12679592513782,5.79744585702284
"474",59.9924,-9.04604769141474,6.41275817986149,3.99377709413272,4.48892522964448,5.15574969410063,5.81009995488235
"475",60.1189,-8.07825863224712,6.26242372797488,4.18139081335963,4.49429996527768,5.1789505676163,5.82502418524591
"476",60.2454,-7.77618334011519,6.17864711904943,4.25450618551281,4.5335305328717,5.166299156446,5.88065310019376
"477",60.3719,-7.77560270996351,6.30933334329481,4.16894320235662,4.58686453774392,5.15009678050229,5.94031358251137
"478",60.4984,-7.46258012698386,5.91302003325637,4.11916395849256,4.62042533172648,5.08893619122396,5.97118075903529
"479",60.6248,-6.45445771566787,5.30587679340819,4.17478979161875,4.64534789205587,5.02285445346067,5.9988408405289
"480",60.7513,-7.56760384590827,5.52086253861735,3.9296196251984,4.62067397773112,5.0157963360374,5.98048077624252
"481",60.8778,-8.66129030857691,5.93618462023113,3.67801965901959,4.57330694339228,5.01603089190652,5.95643701568876
"482",61.0043,-7.73651491140887,5.8495436554582,3.85564180404287,4.51717020452192,4.9842005111728,5.93181302946198
"483",61.1308,-6.90013003797683,5.7110741401183,4.0613934244068,4.45684326804245,4.9480238059983,5.90711039505152
"484",61.2573,-8.1922221121275,5.74731541578692,3.94635984408972,4.44135179326003,4.92394504227902,5.90649243722824
"485",61.3838,-7.96889179353448,5.63763684682305,3.88446026470332,4.44822492674119,4.90165571999097,5.90943691341922
"486",61.5103,-6.66924737789367,5.50588299103793,4.00017957186648,4.44588519966649,4.80499772322611,5.84421684013152
"487",61.6368,-6.16934784190223,5.60155514325204,3.90617826619813,4.43875079876887,4.69639980165993,5.76805291715688
"488",61.7633,-6.25145708748558,5.53249383160492,3.94383327561802,4.43443219280984,4.73417306666235,5.70666974090748
"489",61.8897,-6.02743168324665,5.78569214200292,4.03331824276654,4.43164387663579,4.79728731962166,5.64789706911001
"490",62.0162,-6.40592490449114,8.11825694838664,4.19879675285921,4.5540133217473,5.13475916657701,5.6961299857171
"491",62.1427,-6.35115150367051,13.5512380932925,4.39527490082631,4.74741531331758,5.52374418946363,5.76446658040334
"492",62.2692,-6.5462051228174,9.99966538492905,4.29890405353003,4.98599159920596,5.37165083674529,5.64768795867147
"493",62.3957,-7.6460956649371,5.79120982383288,3.4893700707936,5.25127470060317,5.11062242645026,5.49364017655912
"494",62.5222,-17.4247090964459,3.35046791972838,2.73970718671507,4.9564622938973,4.25884058352392,5.07793996544619
"495",62.6487,-63.3341929262726,2.20847882695838,2.71033268471823,4.31686567913818,3.27994176758177,4.60593798286722
"496",62.7752,-12.922188928766,2.0745808859694,3.11420283865043,3.63655161014299,2.87447508218377,4.6998677782998
"497",62.9017,-5.26748660003124,2.3465725217347,3.70080723365973,2.93014879615088,2.60052441506413,4.92359339453971
"498",63.0282,-4.17428905455232,2.95657537128108,4.35068745943846,2.57490403143062,2.90380078106374,5.66068122618099
"499",63.1547,-4.14124360539089,4.47485068344673,4.74856071439657,2.45376463289163,3.3478365415703,6.52295473080117
"500",63.2811,-4.54571621997111,6.05992134943671,4.84402979842267,2.60808496696749,4.22304597525309,6.84143456097156
"501",63.4076,-5.18646914816663,6.30965271202834,4.54667026348655,2.95388313191273,5.21078565242141,7.01940853902363
"502",63.5341,-6.31690016473896,6.31125755666983,4.76357401746155,3.48245575511922,5.77959050046427,6.90578559933306
"503",63.6606,-7.77415501286406,6.4575491765475,5.02806963434755,4.14325349731306,6.23310380783048,6.71191471756213
"504",63.7871,-8.96052112585515,7.14303714184632,4.87292222174604,4.69505554858951,6.27598987613147,6.57337189201684
"505",63.9136,-7.4181743752193,7.37523785539288,4.9630876674063,5.16488438633669,6.19945883919412,6.45091936853718
"506",64.0401,-6.32886331903924,7.50832205907177,4.89934469265833,5.52215123340847,6.11143790972522,6.27022035744796
"507",64.1666,-5.66726422810389,7.45538418095068,4.82185566727116,5.79142948213546,6.01989167232051,6.07165026493306
"508",64.2931,-5.88985981081297,7.44440267909468,4.98350174547424,6.01557347567949,6.00137619669601,6.00941841679948
"509",64.4196,-6.23703275056403,7.31499795856146,4.8367521340534,6.20305396966952,6.00646585223268,5.99125405560505
"510",64.546,-7.21116163775052,6.99970158940511,4.67370889661206,6.248601326341,5.98621802208714,6.10747531041106
"511",64.6725,-7.49715487315101,6.50873409847777,4.58979478255251,6.17424541417926,5.95732376486406,6.26956507422124
"512",64.799,-7.7505306352581,6.06377280463154,4.57252794368014,5.98685858330768,5.81285216530217,6.30473341830962
"513",64.9255,-7.77597978243758,5.89020578026341,4.36656000840672,5.70004485217429,5.62691672863917,6.29436819184258
"514",65.052,-8.23705640414562,5.94854218046631,4.28353300078155,5.45114049040047,5.44762111802682,6.05816685136381
"515",65.1785,-7.61499037718216,5.84398873463517,4.15589874312286,5.23687646008385,5.27082537663487,5.73693907405368
"516",65.305,-7.77144408439376,5.61205962618132,3.83351602524935,5.0558839974917,5.03052310986758,5.26808779530511
"517",65.4315,-7.70347847581791,4.98487921649366,3.48204993208435,4.90647132799398,4.76515432040531,4.74096836494145
"518",65.558,-7.62793894975467,4.17322232423983,3.27679858132531,4.71912870714166,4.41464199952358,4.30375043039939
"519",65.6845,-8.23475360198957,3.68477802626053,3.06674302507671,4.49439203691625,4.02893067682604,3.90369847737024
"520",65.811,-11.454084299618,3.60384786195604,2.99369333122551,4.22590343386423,3.73785455996682,3.72093252094951
"521",65.9374,-11.7256419471645,3.66742277679442,3.15895912501019,3.91286051213717,3.48791689053115,3.63223815055195
"522",66.0639,-10.0607959338691,3.92300620046669,3.07828790750971,3.64725387442566,3.28913217507731,3.67483844909761
"523",66.1904,-8.32938022894301,4.242988864954,2.74518323180535,3.43252569389454,3.11366185312296,3.7770814042218
"524",66.3169,-4.87871678593748,4.10263033800806,2.64909765722852,3.26044819866391,2.78412204452407,3.72335554138252
"525",66.4434,-2.79784028802432,3.82590269344953,2.43331456523009,3.13564187964138,2.38149799226053,3.59564447002211
"526",66.5699,-1.95853274498086,2.5582293520818,2.06751027624573,2.97374920288679,1.99925873353415,3.25142692993812
"527",66.6964,-1.83473618514879,1.62629826789009,2.22458669373538,2.76915675711081,1.62711548957389,2.79997982673932
"528",66.8229,-7.05834018319412,2.07319406647868,1.74596064958488,2.57459961387688,1.582443662226,2.56983649751471
"529",66.9494,6.04494187979268,3.71241577292298,1.48354209846057,2.39204650441292,1.70700466528577,2.45405998673485
"530",67.0759,-12.1541662032425,1.78151616050722,1.60940545822821,2.18787409194482,1.98195740906413,2.4664131285194
"531",67.2023,-1.65656615597305,0.99926710558201,1.71507435865247,1.95701352196769,2.33767926398895,2.54775475970144
"532",67.3288,-1.25227479278612,1.14727350716234,1.61051282651593,NA,NA,NA
